<?xml version="1.0" encoding="UTF-8"?>
<!--
  Licensed to the Apache Software Foundation (ASF) under one or more
  contributor license agreements.  See the NOTICE file distributed with
  this work for additional information regarding copyright ownership.
  The ASF licenses this file to You under the Apache License, Version 2.0
  (the "License"); you may not use this file except in compliance with
  the License.  You may obtain a copy of the License at

      http://www.apache.org/licenses/LICENSE-2.0

  Unless required by applicable law or agreed to in writing, software
  distributed under the License is distributed on an "AS IS" BASIS,
  WITHOUT WARRANTIES OR CONDITIONS OF ANY KIND, either express or implied.
  See the License for the specific language governing permissions and
  limitations under the License.
  -->

<!-- Use this file for logging exlusively to the console, useful for 
     some development tasks. Should not be used for production -->
<!-- Default production configuration is asnychronous logging -->
<Configuration>
  <Appenders>
    <Console name="STDERR" target="SYSTEM_ERR">
      <PatternLayout>
        <Pattern>
          %maxLen{%-5p - %d{yyyy-MM-dd HH:mm:ss.SSS}; %c; %m%notEmpty{ =>%ex{short}}}{10240}%n
        </Pattern>
      </PatternLayout>
    </Console>
  </Appenders>
  <Loggers>
    <!-- Use <AsyncLogger/<AsyncRoot and <Logger/<Root for asynchronous logging or synchonous logging respectively -->
    <AsyncLogger name="org.apache.zookeeper" level="WARN"/>
    <AsyncLogger name="org.apache.hadoop" level="WARN"/>

    <AsyncRoot level="INFO">
      <AppenderRef ref="STDERR"/>
    </AsyncRoot>
  </Loggers>
</Configuration>


