<?xml version="1.0" encoding="UTF-8" ?>
<!--
 Licensed to the Apache Software Foundation (ASF) under one or more
 contributor license agreements.  See the NOTICE file distributed with
 this work for additional information regarding copyright ownership.
 The ASF licenses this file to You under the Apache License, Version 2.0
 (the "License"); you may not use this file except in compliance with
 the License.  You may obtain a copy of the License at

     http://www.apache.org/licenses/LICENSE-2.0

 Unless required by applicable law or agreed to in writing, software
 distributed under the License is distributed on an "AS IS" BASIS,
 WITHOUT WARRANTIES OR CONDITIONS OF ANY KIND, either express or implied.
 See the License for the specific language governing permissions and
 limitations under the License.
-->

<!--
     For more details about configurations options that may appear in
     this file, see https://solr.apache.org/guide/solr/latest/configuration-guide/configuring-solrconfig-xml.html.
-->
<config>
  <!-- In all configuration below, a prefix of "solr." for class names
       is an alias that causes solr to search appropriate packages,
       including org.apache.solr.(search|update|request|core|analysis)

       You may also specify a fully qualified Java classname if you
       have your own custom plugins.
    -->

  <!-- Controls what version of Lucene various components of Solr
       adhere to.  Generally, you want to use the latest version to
       get all bug fixes and improvements. It is highly recommended
       that you fully re-index after changing this setting as it can
       affect both how text is indexed and queried.
  -->
  <luceneMatchVersion>9.8</luceneMatchVersion> <!-- 8.11.1 -->
  

  <!-- <lib/> directives can be used to instruct Solr to load any Jars
       identified and use them to resolve any "plugins" specified in
       your solrconfig.xml or schema.xml (ie: Analyzers, Request
       Handlers, etc...).

       All directories and paths are resolved relative to the
       instanceDir.

       Please note that <lib/> directives are processed in the order
       that they appear in your solrconfig.xml file, and are "stacked"
       on top of each other when building a ClassLoader - so if you have
       plugin jars with dependencies on other jars, the "lower level"
       dependency jars should be loaded first.

       If a "./lib" directory exists in your instanceDir, all files
       found in it are included as if you had used the following
       syntax...

              <lib dir="./lib" />
    -->

  <!-- A 'dir' option by itself adds any files found in the directory
       to the classpath, this is useful for including all jars in a
       directory.

       When a 'regex' is specified in addition to a 'dir', only the
       files in that directory which completely match the regex
       (anchored on both ends) will be included.

       If a 'dir' option (with or without a regex) is used and nothing
       is found that matches, a warning will be logged.

       The example below can be used to load a Solr Module along
       with their external dependencies.
    -->
    <!-- <lib dir="${solr.install.dir:../../../..}/modules/ltr/lib" regex=".*\.jar" /> -->

  <!-- an exact 'path' can be used instead of a 'dir' to specify a
       specific jar file.  This will cause a serious error to be logged
       if it can't be loaded.
    -->
  <!--
     <lib path="../a-jar-that-does-not-exist.jar" />
  -->

  <!-- Data Directory

       Used to specify an alternate directory to hold all index data
       other than the default ./data under the Solr home.  If
       replication is in use, this should match the replication
       configuration.
    -->
  <dataDir>${solr.data.dir:}</dataDir>


  <!-- The DirectoryFactory to use for indexes.

       solr.StandardDirectoryFactory is filesystem
       based and tries to pick the best implementation for the current
       JVM and platform.  solr.NRTCachingDirectoryFactory, the default,
       wraps solr.StandardDirectoryFactory and caches small files in memory
       for better NRT performance.

       One can force a particular implementation via solr.MMapDirectoryFactory
       or solr.NIOFSDirectoryFactory.

       solr.RAMDirectoryFactory is memory based and not persistent.
    -->
  <directoryFactory name="DirectoryFactory"
                    class="${solr.directoryFactory:solr.NRTCachingDirectoryFactory}"/>

  <!-- The CodecFactory for defining the format of the inverted index.
       The default implementation is SchemaCodecFactory, which is the official Lucene
       index format, but hooks into the schema to provide per-field customization of
       the postings lists and per-document values in the fieldType element
       (postingsFormat/docValuesFormat). Note that most of the alternative implementations
       are experimental, so if you choose to customize the index format, it's a good
       idea to convert back to the official format e.g. via IndexWriter.addIndexes(IndexReader)
       before upgrading to a newer version to avoid unnecessary reindexing.
       A "compressionMode" string element can be added to <codecFactory> to choose
       between the existing compression modes in the default codec: "BEST_SPEED" (default)
       or "BEST_COMPRESSION".
  -->
  <codecFactory class="solr.SchemaCodecFactory"/>

  <schemaFactory class="ManagedIndexSchemaFactory">
    <bool name="mutable">true</bool>
    <str name="managedSchemaResourceName">managed-schema</str>
  </schemaFactory>

  <!-- ~~~~~~~~~~~~~~~~~~~~~~~~~~~~~~~~~~~~~~~~~~~~~~~~~~~~~~~~~~~~~~~~~~~~~
       Index Config - These settings control low-level behavior of indexing
       Most example settings here show the default value, but are commented
       out, to more easily see where customizations have been made.

       Note: This replaces <indexDefaults> and <mainIndex> from older versions
       ~~~~~~~~~~~~~~~~~~~~~~~~~~~~~~~~~~~~~~~~~~~~~~~~~~~~~~~~~~~~~~~~~~~~~ -->
  <indexConfig>


    <!-- LockFactory

         This option specifies which Lucene LockFactory implementation
         to use.

         single = SingleInstanceLockFactory - suggested for a
                  read-only index or when there is no possibility of
                  another process trying to modify the index.
         native = NativeFSLockFactory - uses OS native file locking.
                  Do not use when multiple solr webapps in the same
                  JVM are attempting to share a single index.
         simple = SimpleFSLockFactory  - uses a plain file for locking

         Defaults: 'native' is default for Solr3.6 and later, otherwise
                   'simple' is the default

         More details on the nuances of each LockFactory...
         https://cwiki.apache.org/confluence/display/lucene/AvailableLockFactories
    -->
    <lockType>${solr.lock.type:native}</lockType>
    <!-- Lucene Infostream

         To aid in advanced debugging, Lucene provides an "InfoStream"
         of detailed information when indexing.

         Setting The value to true will instruct the underlying Lucene
         IndexWriter to write its debugging info the specified file
      -->
    <!-- <infoStream file="INFOSTREAM.txt">false</infoStream> -->
  </indexConfig>

  <!-- The default high-performance update handler -->
  <updateHandler class="solr.DirectUpdateHandler2">

    <!-- Enables a transaction log, used for real-time get, durability, and
         and solr cloud replica recovery.  The log can grow as big as
         uncommitted changes to the index, so use of a hard autoCommit
         is recommended (see below).
         "dir" - the target directory for transaction logs, defaults to the
                solr data directory.
         "numVersionBuckets" - sets the number of buckets used to keep
                track of max version values when checking for re-ordered
                updates; increase this value to reduce the cost of
                synchronizing access to version buckets during high-volume
                indexing, this requires 8 bytes (long) * numVersionBuckets
                of heap space per Solr core.
    -->
    <updateLog>
      <str name="dir">${solr.ulog.dir:}</str>
      <int name="numVersionBuckets">${solr.ulog.numVersionBuckets:65536}</int>
    </updateLog>

    <!-- AutoCommit

         Perform a hard commit automatically under certain conditions.
         Instead of enabling autoCommit, consider using "commitWithin"
         when adding documents.

         https://solr.apache.org/guide/solr/latest/indexing-guide/indexing-with-update-handlers.html

         maxDocs - Maximum number of documents to add since the last
                   commit before automatically triggering a new commit.

         maxTime - Maximum amount of time in ms that is allowed to pass
                   since a document was added before automatically
                   triggering a new commit.
         openSearcher - if false, the commit causes recent index changes
           to be flushed to stable storage, but does not cause a new
           searcher to be opened to make those changes visible.

         If the updateLog is enabled, then it's highly recommended to
         have some sort of hard autoCommit to limit the log size.
      -->
    <autoCommit>
      <maxTime>${solr.autoCommit.maxTime:30000}</maxTime> 
      <maxDocs>20000</maxDocs>
      <openSearcher>true</openSearcher> 
    </autoCommit>

    <!-- softAutoCommit is like autoCommit except it causes a
         'soft' commit which only ensures that changes are visible
         but does not ensure that data is synced to disk.  This is
         faster and more near-realtime friendly than a hard commit.
      -->

    <autoSoftCommit>
      <maxTime>${solr.autoSoftCommit.maxTime:-1}</maxTime>
    </autoSoftCommit>

  </updateHandler>

  <!-- ~~~~~~~~~~~~~~~~~~~~~~~~~~~~~~~~~~~~~~~~~~~~~~~~~~~~~~~~~~~~~~~~~~~~~
       Query section - these settings control query time things like caches
       ~~~~~~~~~~~~~~~~~~~~~~~~~~~~~~~~~~~~~~~~~~~~~~~~~~~~~~~~~~~~~~~~~~~~~ -->
  <query>

    <!-- Maximum number of clauses allowed when parsing a boolean query string.

         This limit only impacts boolean queries specified by a user as part of a query string,
         and provides per-collection controls on how complex user specified boolean queries can
         be.  Query strings that specify more clauses than this will result in an error.

         If this per-collection limit is greater than the global `maxBooleanClauses` limit
         specified in `solr.xml`, it will have no effect, as that setting also limits the size
         of user specified boolean queries.
      -->
    <maxBooleanClauses>${solr.max.booleanClauses:1024}</maxBooleanClauses>


    <!-- Slow Query Threshold (in millis)
    
         At high request rates, logging all requests can become a bottleneck 
         and therefore INFO logging is often turned off. However, it is still
         useful to be able to set a latency threshold above which a request
         is considered "slow" and log that request at WARN level so we can
         easily identify slow queries.
https://lucene.apache.org/solr/guide/7_6/configuring-logging.html#logging-slow-queries
    --> 
    <slowQueryThresholdMillis>3000</slowQueryThresholdMillis>


    <!-- Solr Internal Query Caches
         Starting with Solr 9.0 the default cache implementation used is CaffeineCache.
    -->

    <!-- Filter Cache

         Cache used by SolrIndexSearcher for filters (DocSets),
         unordered sets of *all* documents that match a query.  When a
         new searcher is opened, its caches may be prepopulated or
         "autowarmed" using data from caches in the old searcher.
         autowarmCount is the number of items to prepopulate. For
         CaffeineCache, the autowarmed items will be the most recently
         accessed items.

         Parameters:
           class - the SolrCache implementation (CaffeineCache by default)
           size - the maximum number of entries in the cache
           initialSize - the initial capacity (number of entries) of
               the cache.  (see java.util.HashMap)
           autowarmCount - the number of entries to prepopulate from
               an old cache.
           maxRamMB - the maximum amount of RAM (in MB) that this cache is allowed
                      to occupy. Note that when this option is specified, the size
                      and initialSize parameters are ignored.
      -->
    <filterCache size="512"
                 initialSize="512"
                 autowarmCount="0"/>

    <!-- Query Result Cache

         Caches results of searches - ordered lists of document ids
         (DocList) based on a query, a sort, and the range of documents requested.
         Additional supported parameter by CaffeineCache:
            maxRamMB - the maximum amount of RAM (in MB) that this cache is allowed
                       to occupy
      -->
    <queryResultCache size="512"
                      initialSize="512"
                      autowarmCount="0"/>

    <!-- Document Cache

         Caches Lucene Document objects (the stored fields for each
         document).  Since Lucene internal document ids are transient,
         this cache will not be autowarmed.
      -->
    <documentCache size="512"
                   initialSize="512"
                   autowarmCount="0"/>

    <!-- custom cache currently used by block join -->
    <cache name="perSegFilter"
           class="solr.CaffeineCache"
           size="10"
           initialSize="0"
           autowarmCount="10"
           regenerator="solr.NoOpRegenerator" />

    <!-- Field Value Cache

         Cache used to hold field values that are quickly accessible
         by document id.  The fieldValueCache is created by default
         even if not configured here.
      -->
    <!--
       <fieldValueCache size="512"
                        autowarmCount="128"
                        />
      -->

    <!-- Custom Cache

         Example of a generic cache.  These caches may be accessed by
         name through SolrIndexSearcher.getCache(),cacheLookup(), and
         cacheInsert().  The purpose is to enable easy caching of
         user/application level data.  The regenerator argument should
         be specified as an implementation of solr.CacheRegenerator
         if autowarming is desired.
      -->
    <!--
       <cache name="myUserCache"
              class="solr.CaffeineCache"
              size="4096"
              initialSize="1024"
              autowarmCount="1024"
              regenerator="com.mycompany.MyRegenerator"
              />
      -->


    <!-- Lazy Field Loading

         If true, stored fields that are not requested will be loaded
         lazily.  This can result in a significant speed improvement
         if the usual case is to not load all stored fields,
         especially if the skipped fields are large compressed text
         fields.
    -->
    <enableLazyFieldLoading>true</enableLazyFieldLoading>

    <!-- Use Filter For Sorted Query

         A possible optimization that attempts to use a filter to
         satisfy a search.  If the requested sort does not include
         score, then the filterCache will be checked for a filter
         matching the query. If found, the filter will be used as the
         source of document ids, and then the sort will be applied to
         that.

         For most situations, this will not be useful unless you
         frequently get the same search repeatedly with different sort
         options, and none of them ever use "score"
      -->
    <!--
       <useFilterForSortedQuery>true</useFilterForSortedQuery>
      -->

    <!-- Result Window Size

         An optimization for use with the queryResultCache.  When a search
         is requested, a superset of the requested number of document ids
         are collected.  For example, if a search for a particular query
         requests matching documents 10 through 19, and queryWindowSize is 50,
         then documents 0 through 49 will be collected and cached.  Any further
         requests in that range can be satisfied via the cache.
      -->
    <queryResultWindowSize>20</queryResultWindowSize>

    <!-- Maximum number of documents to cache for any entry in the
         queryResultCache.
      -->
    <queryResultMaxDocsCached>200</queryResultMaxDocsCached>

    <!-- Use Cold Searcher

         If a search request comes in and there is no current
         registered searcher, then immediately register the still
         warming searcher and use it.  If "false" then all requests
         will block until the first searcher is done warming.
      -->
    <useColdSearcher>true</useColdSearcher>
	
  </query>

  <!-- ~~~~~~~~~~~~~~~~~~~~~~~~~~~~~~~~~~~~~~~~~~~~~~~~~~~~~~~~~~~~~~~~~~~~~
     Circuit Breaker Section - This section consists of configurations for
     circuit breakers
     ~~~~~~~~~~~~~~~~~~~~~~~~~~~~~~~~~~~~~~~~~~~~~~~~~~~~~~~~~~~~~~~~~~~~~ -->
  <!-- Circuit breakers are designed to allow stability and predictable query
     execution. They prevent operations that can take down the node and cause
     noisy neighbour issues.

     The CircuitBreakerManager is the default manager for all circuit breakers.
     The enabled flag here controls the activation/deactivation of all circuit
     breakers specified within.
  -->
  <circuitBreaker class="solr.CircuitBreakerManager" enabled="false">
    <!-- Memory Circuit Breaker

     Specific configuration for max JVM heap usage circuit breaker. This configuration defines
     whether the circuit breaker is enabled and the threshold percentage of maximum heap allocated
     beyond which queries will be rejected until the current JVM usage goes below the threshold.
     The valid value for this range is 50-95.

     Consider a scenario where the max heap allocated is 4 GB and memThreshold is defined as 75.
     Threshold JVM usage will be 4 * 0.75 = 3 GB. Its generally a good idea to keep this value
     between 75 - 80% of maximum heap allocated.

     If, at any point, the current JVM heap usage goes above 3 GB, queries will be rejected until
     the heap usage goes below 3 GB again. If you see queries getting rejected with 503 error code,
     check for "Circuit Breakers tripped" in logs and the corresponding error message should tell
     you what transpired (if the failure was caused by tripped circuit breakers).
    -->
    <!--
    <str name="memEnabled">true</str>
    <str name="memThreshold">95</str>
    -->

    <!-- CPU Circuit Breaker Configuration

     Specific configuration for CPU utilization based circuit breaker. This configuration defines
     whether the circuit breaker is enabled and the average load over the last minute at which the
     circuit breaker should start rejecting queries.
    -->
    <!--
    <str name="cpuEnabled">false</str>
    <str name="cpuThreshold">75</str>
    -->
  </circuitBreaker>

  <!-- Request Dispatcher

       This section contains instructions for how the SolrDispatchFilter
       should behave when processing requests for this SolrCore.

    -->
  <requestDispatcher>
    <!-- Request Parsing

         These settings indicate how Solr Requests may be parsed, and
         what restrictions may be placed on the ContentStreams from
         those requests

         multipartUploadLimitInKB - specifies the max size (in KiB) of
         Multipart File Uploads that Solr will allow in a Request.

         formdataUploadLimitInKB - specifies the max size (in KiB) of
         form data (application/x-www-form-urlencoded) sent via
         POST. You can use POST to pass request parameters not
         fitting into the URL.

         addHttpRequestToContext - if set to true, it will instruct
         the requestParsers to include the original HttpServletRequest
         object in the context map of the SolrQueryRequest under the
         key "httpRequest". It will not be used by any of the existing
         Solr components, but may be useful when developing custom
         plugins.

    <requestParsers multipartUploadLimitInKB="-1"
                    formdataUploadLimitInKB="-1"
                    addHttpRequestToContext="false"/>
      -->

    <!-- HTTP Caching

         Set HTTP caching related parameters (for proxy caches and clients).

         The options below instruct Solr not to output any HTTP Caching
         related headers
      -->
    <httpCaching never304="true" />

  </requestDispatcher>

  <!-- Request Handlers

       https://solr.apache.org/guide/solr/latest/configuration-guide/requesthandlers-searchcomponents.html

       Incoming queries will be dispatched to a specific handler by name based on the path specified in the request.

       All handlers (Search Handlers, Update Request Handlers, and other specialized types) can have default parameters (defaults, appends and invariants).

       Search Handlers can also (append, prepend or even replace) default or defined Search Components.

       Update Request Handlers can leverage Update Request Processors to pre-process documents after they are loaded
       and before they are indexed/stored.

       Not all Request Handlers are defined in the solrconfig.xml, many are implicit.
    -->

  <!-- Primary search handler, expected by most clients, examples and UI frameworks -->
  <requestHandler name="/select" class="solr.SearchHandler">
    <lst name="defaults">
      <str name="echoParams">explicit</str>
      <int name="rows">10</int>
      <str name="df">title</str>
      <str name="lowercaseOperators">false</str>  <!-- Set to true if you  "and" and "or" should be treated the same as operators "AND" and "OR". -->
      <str name="q.alt">*:*</str>
      <str name="fl">*,score</str>
      <str name="mm">2&lt;2 3&lt;50% 11&lt;5</str>  <!-- 1-2 -> all terms required; 3-4 -> 2 required; 3-11 -> 50% required; 12+ -> 5 required-->
      <str name="wt">xml</str>
      <str name="qf"> <!-- be aware of term-centric vs field-centric behavoirs when changing this -->
        title^10 content_plus tag_text^.01 articleid^40 kmid^40
      </str>
      <str name="tagMatch">_val_:"{!edismax qf=tag sow=true mm=1 pf='' pf2='' pf3='' boost=1 v=$q bq=}"</str>
      <str name="pf">title content_plus^2</str>
      <str name="pf3">title~1^3 content_plus~5^3</str>
      <str name="pf2">title^2 content_plus~3</str>
      <str name="tie">.1</str> 
      <str name="stopwords">false</str>
      <str name="sow">false</str>  <!-- required for multi-term synonyms  -->
      <str name="uf">* -spellcheck</str>
      
      <!-- Highlighting defaults -->
      <str name="hl.fl">title content attachmenttext</str>
	    <str name="hl.snippets">2</str>
	    <str name="hl.fragsize">200</str>
      <str name="hl.method">unified</str>

      <!-- Spell checking defaults -->
      <str name="spellcheck">false</str>
      <str name="spellcheck.dictionary">default</str>
      <str name="spellcheck.extendedResults">false</str>       
      <str name="spellcheck.count">5</str>
      <str name="spellcheck.alternativeTermCount">2</str>
      <str name="spellcheck.maxResultsForSuggest">5</str>       
      <str name="spellcheck.collate">true</str>
      <str name="spellcheck.collateExtendedResults">true</str>  
      <str name="spellcheck.maxCollationTries">5</str>
      <str name="spellcheck.maxCollations">3</str>  

      <str name="dateBoostA">1</str>
      <str name="dateBoostB">2</str>
      <!-- 1 year = 3.16e-11  2 years = 1.58e-11 -->
      <str name="dateBoostReference">1.58e-11</str>
      <str name="dateBoost">recip(abs(ms(NOW/HOUR,date)),$dateBoostReference,$dateBoostA,$dateBoostB)</str>
    </lst>
    <lst name="invariants">
      <str name="defType">edismax</str>
    </lst>
    <lst name="appends">
      <str name="boost">$${dateBoost}</str>
      <str name="bq">$${tagMatch}</str>
    </lst>
    <arr name="last-components">
      <str>spellcheck</str>
    </arr>
  </requestHandler>

   <requestHandler name="/suggest-content" class="solr.SearchHandler" >
      <lst name="defaults">
          <str name="echoParams">explicit</str>
          <str name="wt">xml</str>
          <str name="tie">.1</str>
          <str name="rows">20</str>
          <str name="sort">score DESC, date DESC</str>

          <str name="qf-suggest.pf">suggest</str>
          <str name="qf-suggest.pf2">suggest</str>
          <str name="qf-suggest.pf3">suggest</str>
          <str name="qf-suggest-users.pf">suggest_username suggest_user_commonname</str>
          <str name="qf-suggest-users.pf2">suggest_username suggest_user_commonname</str>
          <str name="qf-suggest-users.pf3">suggest_username suggest_user_commonname</str>
          <str name="queryingUserId">-1</str>

          <str name="qf-suggest">suggest^5 suggest_ngram suggest_keyword_ngram^10</str>
          <str name="qf-suggest-users">suggest_username^3 suggest_ngram_username suggest_user_commonname^3 suggest_ngram_user_commonname suggest_keyword_ngram_username^5 suggest_keyword_ngram_user_commonname^5</str>
          <str name="dateboost">1</str> <!--recip(abs(ms(NOW/HOUR,date)),3.16E-11,1,1)-->      
      </lst> 
      <lst name="appends">
          <str name="fq">-type:(comment OR status)</str>
      </lst>
      <lst name="invariants">
          <str name="df">suggest</str>
          <str name="fl">contenttypeid,id,applicationid,title,date,containerid,score,type</str> 
          <str name="hl">false</str>
          <str name="q">
            _query_:"(+{!edismax qf=$qf-suggest uf=-* v='$${qq}' boost=$${dateboost}} suggest_keyword_ngram:\"$${qq}\"^10 -filter(type:user))" 
            _query_:"(+{!edismax qf=$qf-suggest-users uf=-* v='$${qq}'} (suggest_keyword_ngram_username:\"$${qq}\" suggest_keyword_ngram_user_commonname:\"$${qq}\")^5 +filter(type:user))"
          </str>

       </lst>
      
  </requestHandler>

   <requestHandler name="/suggest-users" class="solr.SearchHandler" >
      <lst name="defaults">
          <str name="echoParams">explicit</str>
          <str name="wt">xml</str>
          <str name="tie">.1</str>
          <str name="rows">20</str>
          <str name="fl">*,score</str> 
          
          <str name="pf">suggest_username suggest_user_commonname</str>
          <str name="pf2">suggest_username suggest_user_commonname</str>
          <str name="qf-users">suggest_username^3 suggest_ngram_username suggest_user_commonname^3 suggest_ngram_user_commonname suggest_keyword_ngram_username^5 suggest_keyword_ngram_user_commonname^5</str>
          <str name="queryingUserId">-1</str>
      </lst>
      <lst name="invariants">
          <str name="df">suggest</str>
          <str name="hl">false</str>
          <str name="fq">type:user</str>
          <str name="q">
            {!edismax qf=$qf-users uf=-* v='$${qq}'}
          </str>
       </lst>
      
  </requestHandler>

  <requestHandler name="/query" class="solr.SearchHandler">
    <lst name="defaults">
      <str name="echoParams">explicit</str>
      <str name="wt">json</str>
      <str name="indent">true</str>
    </lst>
  </requestHandler>


   <requestHandler name="/mlt" class="solr.MoreLikeThisHandler">
    <lst name="defaults">
      <str name="df">title_stop</str>
      <str name="mlt.fl">title_stop</str>
      <str name="rows">10</str>
      <str name="qf">title_stop</str>
      <!-- term must appear at least this many times in the document -->
      <str name="mlt.mintf">1</str>
      <!-- term must have at least this many characters to be used in the comparison -->
      <str name="mlt.minwl">3</str>
      <!-- at least this many documents must contain the term -->
      <str name="mlt.mindf">1</str>
      <!--<str name="mlt.maxdfpct">90</str>-->  
      <str name="mlt.boost">true</str>
      <str name="mlt.interestingTerms">details</str>
      <!-- Change from JSON to XML format (the default prior to Solr 7.0) -->
      <str name="wt">xml</str>
    </lst>
  </requestHandler>

 <requestHandler name="/related" class="solr.SearchHandler">
    <lst name="defaults">
      <str name="echoParams">explicit</str>
      <str name="wt">xml</str>
      <str name="rows">10</str>
      <str name="df">title_stop</str>
      <str name="mltFields">title_stop</str> 
      <str name="mltMinTermFreq">1</str> 
      <str name="mltMinFreq">1</str> 
      <str name="mltBoostTerms">true</str>      
      <str name="queryFields">title_stop</str>
      <str name="boost">1</str>
    </lst>
    <lst name="invariants">
          <str name="q">
            {!boost b=$boost}{!mlt qf=$mltFields mintf=$mltMinTermFreq fl=$queryFields minwl=3 mindf=1 mintf=$mltMinFreq boost=$mltBoostTerms}$${docId}
          </str> 
    </lst>
    <lst name="appends">
    </lst>
  </requestHandler>  

  <initParams path="/update/**,/query,/select,/tvrh,/elevate,/spell">
    <lst name="defaults">
      <str name="df">title</str>
    </lst>
  </initParams>

  <requestHandler name="/browse" class="solr.SearchHandler">
     <lst name="defaults">
       <str name="echoParams">explicit</str>
       <str name="df">title</str>

       <!-- VelocityResponseWriter settings -->
       <str name="wt">xml</str>

       <!-- Query settings -->
       <str name="rows">0</str>
       <str name="fl">*,score</str>

       <str name="facet">on</str>
       <str name="facet.field">type</str>
       <str name="facet.query">*:*</str>
       <str name="facet.mincount">0</str>

       <str name="facet.range">date</str>
       <str name="f.date.facet.range.start">NOW/MONTH-12MONTHS</str>
       <str name="f.date.facet.range.end">NOW</str>
       <str name="f.date.facet.range.gap">+1MONTH</str>
       <str name="f.date.facet.range.other">before</str>
       <str name="f.date.facet.range.other">after</str>

       <str name="facet.range">timestamp</str>
       <str name="f.timestamp.facet.range.start">NOW/DAY-14DAY</str>
       <str name="f.timestamp.facet.range.end">NOW</str> 
       <str name="f.timestamp.facet.range.gap">+1DAY</str>
       <str name="f.timestamp.facet.range.other">before</str>
       <str name="f.timestamp.facet.range.other">after</str>
     </lst>
     <lst name="invariants">
        <str name="wt">xml</str>
        <str name="q">*:*</str> 
    </lst>

     <arr name="last-components">
     </arr>
  </requestHandler>
  <!-- Field Analysis Request Handler

       RequestHandler that provides much the same functionality as
       analysis.jsp. Provides the ability to specify multiple field
       types and field names in the same request and outputs
       index-time and query-time analysis for each of them.

       Request parameters are:
       analysis.fieldname - field name whose analyzers are to be used

       analysis.fieldtype - field type whose analyzers are to be used
       analysis.fieldvalue - text for index-time analysis
       q (or analysis.q) - text for query time analysis
       analysis.showmatch (true|false) - When set to true and when
           query analysis is performed, the produced tokens of the
           field value analysis will be marked as "matched" for every
           token that is produces by the query analysis
   -->
  <requestHandler name="/analysis/field" 
                  startup="lazy"
                  class="solr.FieldAnalysisRequestHandler" />
  <!-- Spell Check

       The spell check component can return a list of alternative spelling
       suggestions.

       https://solr.apache.org/guide/solr/latest/query-guide/spell-checking.html
    -->
  <searchComponent name="spellcheck" class="solr.SpellCheckComponent">

    <str name="queryAnalyzerFieldType">text_general</str>

    <!-- Multiple "Spell Checkers" can be declared and used by this
         component
      -->

    <!-- a spellchecker built from a field of the main index -->
    <lst name="spellchecker">
      <str name="name">default</str>
      <str name="field">spellcheck</str>
      <str name="classname">solr.DirectSolrSpellChecker</str>
      <!-- the spellcheck distance measure used, the default is the internal levenshtein -->
      <str name="distanceMeasure">internal</str>
      <!-- minimum accuracy needed to be considered a valid spellcheck suggestion -->
      <float name="accuracy">0.5</float>
      <!-- the maximum #edits we consider when enumerating terms: can be 1 or 2 -->
      <int name="maxEdits">2</int>
      <!-- the minimum shared prefix when enumerating terms -->
      <int name="minPrefix">1</int>
      <!-- maximum number of inspections per result. -->
      <int name="maxInspections">5</int>
      <!-- minimum length of a query term to be considered for correction -->
      <int name="minQueryLength">4</int>
      <!-- maximum threshold of documents a query term can appear to be considered for correction -->
      <float name="maxQueryFrequency">0.01</float>
      <!-- uncomment this to require suggestions to occur in 1% of the documents
        <float name="thresholdTokenFrequency">.01</float>
      -->
    </lst>

    <str name="queryAnalyzerFieldType">spelling_text</str>

    <!-- a spellchecker that can break or combine words.  See "/spell" handler below for usage -->
    <lst name="spellchecker">
      <str name="name">wordbreak</str>
      <str name="classname">solr.WordBreakSolrSpellChecker</str>
      <str name="field">contentspell</str>
      <str name="combineWords">true</str>
      <str name="breakWords">true</str>
      <int name="maxChanges">10</int>
    </lst>

    <!-- a spellchecker that uses a different distance measure -->
    <!--
       <lst name="spellchecker">
         <str name="name">jarowinkler</str>
         <str name="field">spell</str>
         <str name="classname">solr.DirectSolrSpellChecker</str>
         <str name="distanceMeasure">
           org.apache.lucene.search.spell.JaroWinklerDistance
         </str>
       </lst>
     -->

    <!-- a spellchecker that use an alternate comparator

         comparatorClass be one of:
          1. score (default)
          2. freq (Frequency first, then score)
          3. A fully qualified class name
      -->
    <!--
       <lst name="spellchecker">
         <str name="name">freq</str>
         <str name="field">lowerfilt</str>
         <str name="classname">solr.DirectSolrSpellChecker</str>
         <str name="comparatorClass">freq</str>
      -->

    <!-- A spellchecker that reads the list of words from a file -->
    <!--
       <lst name="spellchecker">
         <str name="classname">solr.FileBasedSpellChecker</str>
         <str name="name">file</str>
         <str name="sourceLocation">spellings.txt</str>
         <str name="characterEncoding">UTF-8</str>
         <str name="spellcheckIndexDir">spellcheckerFile</str>
       </lst>
      -->
  </searchComponent>

  <!-- A request handler for demonstrating the spellcheck component.

       NOTE: This is purely as an example.  The whole purpose of the
       SpellCheckComponent is to hook it into the request handler that
       handles your normal user queries so that a separate request is
       not needed to get suggestions.

       IN OTHER WORDS, THERE IS REALLY GOOD CHANCE THE SETUP BELOW IS
       NOT WHAT YOU WANT FOR YOUR PRODUCTION SYSTEM!

       See https://solr.apache.org/guide/solr/latest/query-guide/spell-checking.html for details
       on the request parameters.
    -->
  <requestHandler name="/spell" class="solr.SearchHandler" startup="lazy">
    <lst name="defaults">
      <!-- Solr will use suggestions from both the 'default' spellchecker
           and from the 'wordbreak' spellchecker and combine them.
           collations (re-written queries) can include a combination of
           corrections from both spellcheckers -->
      <str name="spellcheck.dictionary">default</str>
      <str name="spellcheck.dictionary">wordbreak</str>
      <str name="spellcheck">on</str>
      <str name="spellcheck.extendedResults">true</str>
      <str name="spellcheck.count">10</str>
      <str name="spellcheck.alternativeTermCount">5</str>
      <str name="spellcheck.maxResultsForSuggest">5</str>
      <str name="spellcheck.collate">true</str>
      <str name="spellcheck.collateExtendedResults">true</str>
      <str name="spellcheck.maxCollationTries">10</str>
      <str name="spellcheck.maxCollations">5</str>
    </lst>
    <arr name="last-components">
      <str>spellcheck</str>
    </arr>
  </requestHandler>

  <!-- Highlighting Component

       https://solr.apache.org/guide/solr/latest/query-guide/highlighting.html
    -->
  <searchComponent class="solr.HighlightComponent" name="highlight">
    <!-- note: the hl.method=unified highlighter is not configured here; it's completely configured
    via parameters.  The below configuration supports hl.method=original and fastVector. -->
    <highlighting>
      <!-- Configure the standard fragmenter -->
      <!-- This could most likely be commented out in the "default" case -->
      <fragmenter name="gap"
                  default="true"
                  class="solr.highlight.GapFragmenter">
        <lst name="defaults">
          <int name="hl.fragsize">100</int>
        </lst>
      </fragmenter>

      <!-- A regular-expression-based fragmenter
           (for sentence extraction)
        -->
      <fragmenter name="regex"
                  class="solr.highlight.RegexFragmenter">
        <lst name="defaults">
          <!-- slightly smaller fragsizes work better because of slop -->
          <int name="hl.fragsize">70</int>
          <!-- allow 50% slop on fragment sizes -->
          <float name="hl.regex.slop">0.5</float>
          <!-- a basic sentence pattern -->
          <str name="hl.regex.pattern">[-\w ,/\n\&quot;&apos;]{20,200}</str>
        </lst>
      </fragmenter>

      <!-- Configure the standard formatter -->
      <formatter name="html"
                 default="true"
                 class="solr.highlight.HtmlFormatter">
        <lst name="defaults">
          <str name="hl.simple.pre"><![CDATA[<em>]]></str>
          <str name="hl.simple.post"><![CDATA[</em>]]></str>
        </lst>
      </formatter>

      <!-- Configure the standard encoder -->
      <encoder name="html"
               class="solr.highlight.HtmlEncoder" />

      <!-- Configure the standard fragListBuilder -->
      <fragListBuilder name="simple"
                       class="solr.highlight.SimpleFragListBuilder"/>

      <!-- Configure the single fragListBuilder -->
      <fragListBuilder name="single"
                       class="solr.highlight.SingleFragListBuilder"/>

      <!-- Configure the weighted fragListBuilder -->
      <fragListBuilder name="weighted"
                       default="true"
                       class="solr.highlight.WeightedFragListBuilder"/>

      <!-- default tag FragmentsBuilder -->
      <fragmentsBuilder name="default"
                        default="true"
                        class="solr.highlight.ScoreOrderFragmentsBuilder">
        <!--
        <lst name="defaults">
          <str name="hl.multiValuedSeparatorChar">/</str>
        </lst>
        -->
      </fragmentsBuilder>

      <!-- multi-colored tag FragmentsBuilder -->
      <fragmentsBuilder name="colored"
                        class="solr.highlight.ScoreOrderFragmentsBuilder">
        <lst name="defaults">
          <str name="hl.tag.pre"><![CDATA[
               <b style="background:yellow">,<b style="background:lawgreen">,
               <b style="background:aquamarine">,<b style="background:magenta">,
               <b style="background:palegreen">,<b style="background:coral">,
               <b style="background:wheat">,<b style="background:khaki">,
               <b style="background:lime">,<b style="background:deepskyblue">]]></str>
          <str name="hl.tag.post"><![CDATA[</b>]]></str>
        </lst>
      </fragmentsBuilder>

      <boundaryScanner name="default"
                       default="true"
                       class="solr.highlight.SimpleBoundaryScanner">
        <lst name="defaults">
          <str name="hl.bs.maxScan">10</str>
          <str name="hl.bs.chars">.,!? &#9;&#10;&#13;</str>
        </lst>
      </boundaryScanner>

      <boundaryScanner name="breakIterator"
                       class="solr.highlight.BreakIteratorBoundaryScanner">
        <lst name="defaults">
          <!-- type should be one of CHARACTER, WORD(default), LINE and SENTENCE -->
          <str name="hl.bs.type">WORD</str>
          <!-- language and country are used when constructing Locale object.  -->
          <!-- And the Locale object will be used when getting instance of BreakIterator -->
          <str name="hl.bs.language">en</str>
          <str name="hl.bs.country">US</str>
        </lst>
      </boundaryScanner>
    </highlighting>
  </searchComponent>

  <!-- Update Request Processors
       https://solr.apache.org/guide/solr/latest/configuration-guide/update-request-processors.html

       Chains or individual Update Request Processor Factories can be declared and referenced
       to preprocess documents sent to Update Request Handlers.
    -->

  <!-- Add unknown fields to the schema

       Field type guessing update request processors that will
       attempt to parse string-typed field values as Booleans, Longs,
       Doubles, or Dates, and then add schema fields with the guessed
       field types Text content will be indexed as "text_general" as
       well as a copy to a plain string version in *_str.
       See the updateRequestProcessorChain defined later for the order they are executed in.

       These require that the schema is both managed and mutable, by
       declaring schemaFactory as ManagedIndexSchemaFactory, with
       mutable specified as true.

       See https://solr.apache.org/guide/solr/latest/indexing-guide/schemaless-mode.html for further explanation.

    -->
  <updateProcessor class="solr.UUIDUpdateProcessorFactory" name="uuid"/>
  <updateProcessor class="solr.RemoveBlankFieldUpdateProcessorFactory" name="remove-blank"/>
  <updateProcessor class="solr.FieldNameMutatingUpdateProcessorFactory" name="field-name-mutating">
    <str name="pattern">[^\w-\.]</str>
    <str name="replacement">_</str>
  </updateProcessor>
  <updateProcessor class="solr.ParseBooleanFieldUpdateProcessorFactory" name="parse-boolean"/>
  <updateProcessor class="solr.ParseLongFieldUpdateProcessorFactory" name="parse-long"/>
  <updateProcessor class="solr.ParseDoubleFieldUpdateProcessorFactory" name="parse-double"/>
  <updateProcessor class="solr.ParseDateFieldUpdateProcessorFactory" name="parse-date">
    <arr name="format">
      <str>yyyy-MM-dd['T'[HH:mm[:ss[.SSS]][z</str>
      <str>yyyy-MM-dd['T'[HH:mm[:ss[,SSS]][z</str>
      <str>yyyy-MM-dd HH:mm[:ss[.SSS]][z</str>
      <str>yyyy-MM-dd HH:mm[:ss[,SSS]][z</str>
      <str>[EEE, ]dd MMM yyyy HH:mm[:ss] z</str>
      <str>EEEE, dd-MMM-yy HH:mm:ss z</str>
      <str>EEE MMM ppd HH:mm:ss [z ]yyyy</str>
    </arr>
  </updateProcessor>
  <updateProcessor class="solr.AddSchemaFieldsUpdateProcessorFactory" name="add-schema-fields">
    <lst name="typeMapping">
      <str name="valueClass">java.lang.String</str>
      <str name="fieldType">text_general</str>
      <lst name="copyField">
        <str name="dest">*_str</str>
        <int name="maxChars">256</int>
      </lst>
      <!-- Use as default mapping instead of defaultFieldType -->
      <bool name="default">true</bool>
    </lst>
    <lst name="typeMapping">
      <str name="valueClass">java.lang.Boolean</str>
      <str name="fieldType">booleans</str>
    </lst>
    <lst name="typeMapping">
      <str name="valueClass">java.util.Date</str>
      <str name="fieldType">pdates</str>
    </lst>
    <lst name="typeMapping">
      <str name="valueClass">java.lang.Long</str>
      <str name="valueClass">java.lang.Integer</str>
      <str name="fieldType">plongs</str>
    </lst>
    <lst name="typeMapping">
      <str name="valueClass">java.lang.Number</str>
      <str name="fieldType">pdoubles</str>
    </lst>
  </updateProcessor>

  <!-- The update.autoCreateFields property can be turned to false to disable schemaless mode -->
  <updateRequestProcessorChain name="add-unknown-fields-to-the-schema" default="${update.autoCreateFields:true}"
           processor="uuid,remove-blank,field-name-mutating,parse-boolean,parse-long,parse-double,parse-date,add-schema-fields">
    <processor class="solr.LogUpdateProcessorFactory"/>
    <processor class="solr.DistributedUpdateProcessorFactory"/>
    <processor class="solr.RunUpdateProcessorFactory"/>
  </updateRequestProcessorChain>

  <!-- Deduplication

       An example dedup update request processor chain that creates the "id" field
       on the fly based on the hash code of some other fields.  This
       example has overwriteDupes set to false since we are using the
       id field as the signatureField and Solr will maintain
       uniqueness based on that anyway.

    -->
  <!--
     <updateRequestProcessorChain name="dedupe">
       <processor class="solr.processor.SignatureUpdateProcessorFactory">
         <bool name="enabled">true</bool>
         <str name="signatureField">id</str>
         <str name="fields">name,features,cat</str>
         <str name="signatureClass">solr.processor.Lookup3Signature</str>
       </processor>
       <processor class="solr.LogUpdateProcessorFactory" />
       <processor class="solr.RunUpdateProcessorFactory" />
     </updateRequestProcessorChain>
    -->

  <!-- Response Writers

       https://solr.apache.org/guide/solr/latest/query-guide/response-writers.html

       Request responses will be written using the writer specified by
       the 'wt' request parameter matching the name of a registered
       writer.

       The "default" writer is the default and will be used if 'wt' is
       not specified in the request.
    -->
  <!-- The following response writers are implicitly configured unless
       overridden...
    -->
  <!--
     <queryResponseWriter name="xml"
                          default="true"
                          class="solr.XMLResponseWriter" />
     <queryResponseWriter name="json" class="solr.JSONResponseWriter"/>
     <queryResponseWriter name="python" class="solr.PythonResponseWriter"/>
     <queryResponseWriter name="ruby" class="solr.RubyResponseWriter"/>
     <queryResponseWriter name="php" class="solr.PHPResponseWriter"/>
     <queryResponseWriter name="phps" class="solr.PHPSerializedResponseWriter"/>
     <queryResponseWriter name="csv" class="solr.CSVResponseWriter"/>
     <queryResponseWriter name="schema.xml" class="solr.SchemaXmlResponseWriter"/>
    -->

  <!-- Overriding the content-type of the response writer.
       For example, Default content-type of JSON is application/json. This can be overridden to
       text/plain so that response is easy to read in *any* browser.
   -->
     <queryResponseWriter name="json" class="solr.JSONResponseWriter">
         <!-- For the purposes of the tutorial, JSON responses are written as
	     plain text so that they are easy to read in *any* browser.
	     If you expect a MIME type of "application/json" just remove this override.
	    -->
        <str name="content-type">text/plain; charset=UTF-8</str>
     </queryResponseWriter>



</config>
